T,Age,Education,Black (0/1),Hispanic (0/1),Married (0/1),Nodegree (0/1),RE75,RE78
1.000000,37.000000,11.000000,1.000000,0.000000,1.000000,1.000000,0.000000,9930.046000
1.000000,22.000000,9.000000,0.000000,1.000000,0.000000,1.000000,0.000000,3595.894000
1.000000,30.000000,12.000000,1.000000,0.000000,0.000000,0.000000,0.000000,24909.450000
1.000000,27.000000,11.000000,1.000000,0.000000,0.000000,1.000000,0.000000,7506.146000
1.000000,33.000000,8.000000,1.000000,0.000000,0.000000,1.000000,0.000000,289.789900
1.000000,22.000000,9.000000,1.000000,0.000000,0.000000,1.000000,0.000000,4056.494000
1.000000,23.000000,12.000000,1.000000,0.000000,0.000000,0.000000,0.000000,0.000000
1.000000,32.000000,11.000000,1.000000,0.000000,0.000000,1.000000,0.000000,8472.158000
1.000000,22.000000,16.000000,1.000000,0.000000,0.000000,0.000000,0.000000,2164.022000
1.000000,33.000000,12.000000,0.000000,0.000000,1.000000,0.000000,0.000000,12418.070000
1.000000,19.000000,9.000000,1.000000,0.000000,0.000000,1.000000,0.000000,8173.908000
1.000000,21.000000,13.000000,1.000000,0.000000,0.000000,0.000000,0.000000,17094.640000
1.000000,18.000000,8.000000,1.000000,0.000000,0.000000,1.000000,0.000000,0.000000
1.000000,27.000000,10.000000,1.000000,0.000000,1.000000,1.000000,0.000000,18739.930000
1.000000,17.000000,7.000000,1.000000,0.000000,0.000000,1.000000,0.000000,3023.879000
1.000000,19.000000,10.000000,1.000000,0.000000,0.000000,1.000000,0.000000,3228.503000
1.000000,27.000000,13.000000,1.000000,0.000000,0.000000,0.000000,0.000000,14581.860000
1.000000,23.000000,10.000000,1.000000,0.000000,0.000000,1.000000,0.000000,7693.400000
1.000000,40.000000,12.000000,1.000000,0.000000,0.000000,0.000000,0.000000,10804.320000
1.000000,26.000000,12.000000,1.000000,0.000000,0.000000,0.000000,0.000000,10747.350000
1.000000,23.000000,11.000000,1.000000,0.000000,0.000000,1.000000,0.000000,0.000000
1.000000,41.000000,14.000000,0.000000,0.000000,0.000000,0.000000,0.000000,5149.501000
1.000000,38.000000,9.000000,0.000000,0.000000,0.000000,1.000000,0.000000,6408.950000
1.000000,24.000000,11.000000,1.000000,0.000000,0.000000,1.000000,0.000000,1991.400000
1.000000,33.000000,11.000000,1.000000,0.000000,0.000000,1.000000,7867.916000,6281.433000
1.000000,18.000000,10.000000,1.000000,0.000000,0.000000,1.000000,0.000000,11163.170000
1.000000,29.000000,11.000000,1.000000,0.000000,1.000000,1.000000,0.000000,9642.999000
1.000000,25.000000,11.000000,1.000000,0.000000,0.000000,1.000000,0.000000,9897.049000
1.000000,27.000000,10.000000,0.000000,1.000000,0.000000,1.000000,0.000000,11142.870000
1.000000,17.000000,10.000000,1.000000,0.000000,0.000000,1.000000,0.000000,16218.040000
1.000000,24.000000,11.000000,1.000000,0.000000,0.000000,1.000000,0.000000,995.700200
1.000000,17.000000,10.000000,1.000000,0.000000,0.000000,1.000000,0.000000,0.000000
1.000000,26.000000,11.000000,1.000000,0.000000,1.000000,1.000000,2754.646000,26372.280000
1.000000,48.000000,4.000000,1.000000,0.000000,0.000000,1.000000,0.000000,6551.592000
1.000000,25.000000,11.000000,1.000000,0.000000,1.000000,1.000000,0.000000,1574.424000
1.000000,20.000000,12.000000,1.000000,0.000000,0.000000,0.000000,0.000000,0.000000
1.000000,25.000000,12.000000,1.000000,0.000000,0.000000,0.000000,0.000000,3191.753000
1.000000,42.000000,14.000000,1.000000,0.000000,0.000000,0.000000,0.000000,20505.930000
1.000000,25.000000,5.000000,1.000000,0.000000,0.000000,1.000000,0.000000,6181.880000
1.000000,23.000000,12.000000,1.000000,0.000000,1.000000,0.000000,0.000000,5911.551000
1.000000,46.000000,8.000000,1.000000,0.000000,1.000000,1.000000,0.000000,3094.156000
1.000000,24.000000,10.000000,1.000000,0.000000,0.000000,1.000000,0.000000,0.000000
1.000000,21.000000,12.000000,1.000000,0.000000,0.000000,0.000000,0.000000,1254.582000
1.000000,19.000000,9.000000,0.000000,0.000000,0.000000,1.000000,0.000000,13188.830000
1.000000,17.000000,8.000000,1.000000,0.000000,0.000000,1.000000,0.000000,8061.485000
1.000000,18.000000,8.000000,0.000000,1.000000,1.000000,1.000000,0.000000,2787.960000
1.000000,20.000000,11.000000,1.000000,0.000000,0.000000,1.000000,0.000000,3972.540000
1.000000,25.000000,11.000000,1.000000,0.000000,1.000000,1.000000,0.000000,0.000000
1.000000,17.000000,8.000000,1.000000,0.000000,0.000000,1.000000,0.000000,0.000000
1.000000,17.000000,9.000000,1.000000,0.000000,0.000000,1.000000,0.000000,0.000000
1.000000,25.000000,5.000000,1.000000,0.000000,0.000000,1.000000,0.000000,12187.410000
1.000000,23.000000,12.000000,1.000000,0.000000,0.000000,0.000000,0.000000,4843.176000
1.000000,28.000000,8.000000,1.000000,0.000000,0.000000,1.000000,0.000000,0.000000
1.000000,31.000000,11.000000,1.000000,0.000000,1.000000,1.000000,0.000000,8087.487000
1.000000,18.000000,11.000000,1.000000,0.000000,0.000000,1.000000,0.000000,0.000000
1.000000,25.000000,12.000000,1.000000,0.000000,0.000000,0.000000,0.000000,2348.973000
1.000000,30.000000,11.000000,1.000000,0.000000,1.000000,1.000000,0.000000,590.781800
1.000000,17.000000,10.000000,1.000000,0.000000,0.000000,1.000000,0.000000,0.000000
1.000000,37.000000,9.000000,1.000000,0.000000,0.000000,1.000000,0.000000,1067.506000
1.000000,41.000000,4.000000,1.000000,0.000000,1.000000,1.000000,0.000000,7284.986000
1.000000,42.000000,14.000000,1.000000,0.000000,1.000000,0.000000,0.000000,13167.520000
1.000000,22.000000,11.000000,0.000000,0.000000,0.000000,1.000000,0.000000,1048.432000
1.000000,17.000000,8.000000,1.000000,0.000000,0.000000,1.000000,0.000000,0.000000
1.000000,29.000000,8.000000,1.000000,0.000000,0.000000,1.000000,0.000000,1923.938000
1.000000,28.000000,10.000000,1.000000,0.000000,0.000000,1.000000,2836.506000,3196.571000
1.000000,35.000000,10.000000,1.000000,0.000000,0.000000,1.000000,0.000000,4666.236000
1.000000,27.000000,11.000000,1.000000,0.000000,0.000000,1.000000,0.000000,549.298400
1.000000,29.000000,4.000000,1.000000,0.000000,0.000000,1.000000,0.000000,762.914600
1.000000,28.000000,9.000000,1.000000,0.000000,0.000000,1.000000,0.000000,10694.290000
1.000000,27.000000,11.000000,1.000000,0.000000,0.000000,1.000000,0.000000,0.000000
1.000000,23.000000,7.000000,0.000000,0.000000,0.000000,1.000000,0.000000,0.000000
1.000000,45.000000,5.000000,1.000000,0.000000,1.000000,1.000000,0.000000,8546.715000
1.000000,29.000000,13.000000,1.000000,0.000000,0.000000,0.000000,0.000000,7479.656000
1.000000,27.000000,9.000000,1.000000,0.000000,0.000000,1.000000,0.000000,0.000000
1.000000,46.000000,13.000000,1.000000,0.000000,0.000000,0.000000,0.000000,647.204600
1.000000,18.000000,6.000000,1.000000,0.000000,0.000000,1.000000,0.000000,0.000000
1.000000,25.000000,12.000000,1.000000,0.000000,0.000000,0.000000,0.000000,11965.810000
1.000000,28.000000,15.000000,1.000000,0.000000,0.000000,0.000000,0.000000,9598.541000
1.000000,31.000000,9.000000,1.000000,0.000000,0.000000,1.000000,1698.607000,10363.270000
1.000000,25.000000,11.000000,0.000000,0.000000,0.000000,1.000000,0.000000,18783.350000
1.000000,22.000000,12.000000,1.000000,0.000000,0.000000,0.000000,0.000000,18678.080000
1.000000,28.000000,11.000000,1.000000,0.000000,0.000000,1.000000,1284.079000,60307.930000
1.000000,21.000000,9.000000,1.000000,0.000000,0.000000,1.000000,0.000000,0.000000
1.000000,40.000000,11.000000,1.000000,0.000000,0.000000,1.000000,0.000000,23005.600000
1.000000,22.000000,11.000000,1.000000,0.000000,0.000000,1.000000,0.000000,6456.697000
1.000000,25.000000,12.000000,1.000000,0.000000,0.000000,0.000000,0.000000,0.000000
1.000000,27.000000,9.000000,1.000000,0.000000,1.000000,1.000000,934.445400,1773.423000
1.000000,23.000000,10.000000,1.000000,0.000000,1.000000,1.000000,936.438600,11233.260000
1.000000,29.000000,10.000000,1.000000,0.000000,0.000000,1.000000,4398.950000,0.000000
1.000000,18.000000,12.000000,1.000000,0.000000,0.000000,0.000000,0.000000,2321.107000
1.000000,38.000000,12.000000,0.000000,0.000000,0.000000,0.000000,0.000000,4941.849000
1.000000,27.000000,13.000000,1.000000,0.000000,0.000000,0.000000,0.000000,0.000000
1.000000,27.000000,8.000000,1.000000,0.000000,0.000000,1.000000,0.000000,0.000000
1.000000,38.000000,11.000000,1.000000,0.000000,0.000000,1.000000,0.000000,0.000000
1.000000,23.000000,8.000000,0.000000,1.000000,0.000000,1.000000,0.000000,3881.284000
1.000000,26.000000,11.000000,1.000000,0.000000,0.000000,1.000000,0.000000,17230.960000
1.000000,42.000000,9.000000,1.000000,0.000000,1.000000,1.000000,3058.531000,1294.409000
1.000000,21.000000,12.000000,0.000000,0.000000,0.000000,0.000000,0.000000,8048.603000
1.000000,25.000000,8.000000,1.000000,0.000000,0.000000,1.000000,0.000000,0.000000
1.000000,31.000000,11.000000,1.000000,0.000000,1.000000,1.000000,0.000000,14509.930000
1.000000,17.000000,10.000000,1.000000,0.000000,0.000000,1.000000,0.000000,0.000000
1.000000,19.000000,8.000000,1.000000,0.000000,0.000000,1.000000,2657.057000,9970.681000
1.000000,29.000000,14.000000,1.000000,0.000000,0.000000,0.000000,679.673400,17814.980000
1.000000,25.000000,11.000000,1.000000,0.000000,0.000000,1.000000,0.000000,0.000000
1.000000,21.000000,12.000000,1.000000,0.000000,0.000000,0.000000,0.000000,9983.784000
1.000000,44.000000,11.000000,1.000000,0.000000,0.000000,1.000000,0.000000,0.000000
1.000000,19.000000,10.000000,1.000000,0.000000,0.000000,1.000000,385.274100,8124.715000
1.000000,25.000000,12.000000,0.000000,0.000000,0.000000,0.000000,0.000000,5587.503000
1.000000,18.000000,10.000000,1.000000,0.000000,0.000000,1.000000,798.907900,9737.154000
1.000000,18.000000,9.000000,1.000000,0.000000,0.000000,1.000000,0.000000,4482.845000
1.000000,19.000000,9.000000,1.000000,0.000000,0.000000,1.000000,798.907900,17685.180000
1.000000,18.000000,9.000000,1.000000,0.000000,0.000000,1.000000,3287.375000,5010.342000
1.000000,26.000000,11.000000,1.000000,0.000000,1.000000,1.000000,1392.853000,1460.360000
1.000000,42.000000,12.000000,1.000000,0.000000,0.000000,0.000000,0.000000,2456.153000
1.000000,25.000000,10.000000,1.000000,0.000000,0.000000,1.000000,0.000000,0.000000
1.000000,31.000000,9.000000,0.000000,1.000000,0.000000,1.000000,0.000000,26817.600000
1.000000,24.000000,10.000000,1.000000,0.000000,0.000000,1.000000,0.000000,0.000000
1.000000,26.000000,10.000000,1.000000,0.000000,0.000000,1.000000,0.000000,9265.788000
1.000000,20.000000,12.000000,1.000000,0.000000,0.000000,0.000000,377.568600,1652.637000
1.000000,19.000000,10.000000,0.000000,0.000000,0.000000,1.000000,5324.109000,13829.620000
1.000000,25.000000,11.000000,1.000000,0.000000,0.000000,1.000000,0.000000,485.229800
1.000000,23.000000,8.000000,0.000000,0.000000,1.000000,1.000000,1713.150000,4232.309000
1.000000,31.000000,12.000000,0.000000,0.000000,0.000000,0.000000,2611.218000,2484.549000
1.000000,18.000000,11.000000,1.000000,0.000000,0.000000,1.000000,0.000000,4814.627000
1.000000,19.000000,11.000000,1.000000,0.000000,0.000000,1.000000,0.000000,7458.105000
1.000000,43.000000,9.000000,1.000000,0.000000,0.000000,1.000000,0.000000,0.000000
1.000000,27.000000,13.000000,1.000000,0.000000,0.000000,0.000000,0.000000,34099.280000
1.000000,26.000000,11.000000,0.000000,0.000000,0.000000,1.000000,2226.266000,13385.860000
1.000000,29.000000,10.000000,0.000000,1.000000,0.000000,1.000000,8853.674000,5112.014000
1.000000,17.000000,9.000000,1.000000,0.000000,0.000000,1.000000,0.000000,1953.268000
1.000000,30.000000,11.000000,1.000000,0.000000,0.000000,1.000000,0.000000,0.000000
1.000000,17.000000,10.000000,1.000000,0.000000,0.000000,1.000000,156.949100,10641.240000
1.000000,20.000000,12.000000,0.000000,0.000000,1.000000,0.000000,8644.156000,11656.510000
1.000000,17.000000,9.000000,1.000000,0.000000,0.000000,1.000000,375.104700,3621.707000
1.000000,18.000000,12.000000,1.000000,0.000000,0.000000,0.000000,562.657000,0.000000
1.000000,21.000000,11.000000,0.000000,1.000000,0.000000,1.000000,1395.390000,0.000000
1.000000,30.000000,11.000000,1.000000,0.000000,0.000000,1.000000,1913.034000,0.000000
1.000000,18.000000,11.000000,0.000000,1.000000,0.000000,1.000000,5491.535000,2454.500000
1.000000,20.000000,12.000000,1.000000,0.000000,0.000000,0.000000,9227.559000,0.000000
1.000000,20.000000,6.000000,0.000000,1.000000,1.000000,1.000000,10802.980000,4488.495000
1.000000,20.000000,10.000000,1.000000,0.000000,0.000000,1.000000,11073.090000,0.000000
1.000000,25.000000,8.000000,1.000000,0.000000,0.000000,1.000000,37431.660000,2346.828000
1.000000,17.000000,9.000000,0.000000,0.000000,0.000000,1.000000,1618.150000,6011.021000
1.000000,18.000000,10.000000,0.000000,1.000000,0.000000,1.000000,2589.042000,0.000000
1.000000,19.000000,9.000000,0.000000,1.000000,0.000000,1.000000,6511.124000,7913.386000
1.000000,19.000000,11.000000,1.000000,0.000000,0.000000,1.000000,192.799500,661.192400
1.000000,27.000000,10.000000,0.000000,1.000000,0.000000,1.000000,421.302400,3075.862000
1.000000,18.000000,12.000000,0.000000,1.000000,0.000000,0.000000,535.553300,1115.860000
1.000000,22.000000,11.000000,1.000000,0.000000,0.000000,1.000000,606.960900,317.895200
1.000000,20.000000,9.000000,1.000000,0.000000,0.000000,1.000000,660.515900,12229.630000
1.000000,20.000000,11.000000,1.000000,0.000000,0.000000,1.000000,696.219200,0.000000
1.000000,18.000000,10.000000,1.000000,0.000000,0.000000,1.000000,699.789600,480.527000
1.000000,17.000000,10.000000,1.000000,0.000000,0.000000,1.000000,856.886400,3251.100000
1.000000,26.000000,12.000000,1.000000,0.000000,0.000000,0.000000,1088.907000,11460.560000
1.000000,22.000000,10.000000,1.000000,0.000000,0.000000,1.000000,1071.108000,7315.452000
1.000000,20.000000,12.000000,1.000000,0.000000,0.000000,0.000000,1160.366000,702.183900
1.000000,18.000000,8.000000,1.000000,0.000000,0.000000,1.000000,1199.641000,0.000000
1.000000,18.000000,9.000000,1.000000,0.000000,0.000000,1.000000,1285.330000,15369.480000
1.000000,18.000000,10.000000,1.000000,0.000000,0.000000,1.000000,1371.017000,12064.410000
1.000000,19.000000,10.000000,1.000000,0.000000,0.000000,1.000000,1374.587000,13278.970000
1.000000,18.000000,9.000000,0.000000,1.000000,0.000000,1.000000,1713.773000,8836.566000
1.000000,17.000000,10.000000,0.000000,1.000000,0.000000,1.000000,2202.796000,4387.057000
1.000000,19.000000,11.000000,1.000000,0.000000,0.000000,1.000000,1927.995000,11965.810000
1.000000,27.000000,11.000000,1.000000,0.000000,1.000000,1.000000,2142.217000,2186.189000
1.000000,19.000000,10.000000,1.000000,0.000000,0.000000,1.000000,3213.113000,2975.031000
1.000000,19.000000,9.000000,0.000000,1.000000,0.000000,1.000000,3276.150000,14271.230000
1.000000,27.000000,10.000000,1.000000,0.000000,0.000000,1.000000,3213.322000,2094.119000
1.000000,21.000000,11.000000,1.000000,0.000000,1.000000,1.000000,4167.998000,11300.240000
1.000000,29.000000,10.000000,1.000000,0.000000,1.000000,1.000000,4923.263000,130.679100
1.000000,34.000000,11.000000,0.000000,1.000000,0.000000,1.000000,4641.467000,2877.682000
1.000000,25.000000,10.000000,0.000000,0.000000,0.000000,1.000000,4712.874000,6103.746000
1.000000,31.000000,13.000000,0.000000,0.000000,0.000000,0.000000,5498.350000,2329.867000
1.000000,41.000000,9.000000,1.000000,0.000000,1.000000,1.000000,5783.981000,0.000000
1.000000,21.000000,11.000000,0.000000,1.000000,0.000000,1.000000,6658.562000,9381.295000
1.000000,20.000000,11.000000,1.000000,0.000000,0.000000,1.000000,6426.646000,16451.460000
1.000000,24.000000,12.000000,0.000000,1.000000,1.000000,0.000000,7212.110000,6485.508000
1.000000,41.000000,9.000000,1.000000,0.000000,1.000000,1.000000,7212.120000,3154.720000
1.000000,21.000000,12.000000,0.000000,0.000000,0.000000,0.000000,7390.634000,3557.934000
1.000000,22.000000,11.000000,1.000000,0.000000,0.000000,1.000000,7497.752000,668.746600
1.000000,20.000000,9.000000,0.000000,1.000000,0.000000,1.000000,8015.442000,5487.970000
1.000000,17.000000,11.000000,1.000000,0.000000,0.000000,1.000000,8497.436000,9017.004000
1.000000,24.000000,11.000000,1.000000,0.000000,0.000000,1.000000,9180.920000,0.000000
1.000000,23.000000,12.000000,1.000000,0.000000,1.000000,0.000000,15079.950000,10283.490000
1.000000,23.000000,10.000000,1.000000,0.000000,0.000000,1.000000,15709.560000,5665.066000
1.000000,26.000000,11.000000,0.000000,0.000000,0.000000,1.000000,22959.760000,2746.614000
1.000000,21.000000,13.000000,1.000000,0.000000,0.000000,0.000000,24806.830000,8803.666000
1.000000,18.000000,10.000000,1.000000,0.000000,1.000000,1.000000,1958.096000,10989.930000
1.000000,22.000000,10.000000,1.000000,0.000000,0.000000,1.000000,653.954200,11134.980000
1.000000,17.000000,10.000000,1.000000,0.000000,0.000000,1.000000,1000.550000,1433.531000
1.000000,20.000000,7.000000,1.000000,0.000000,0.000000,1.000000,1569.490000,5518.083000
1.000000,17.000000,9.000000,1.000000,0.000000,0.000000,1.000000,1667.583000,5594.729000
1.000000,23.000000,11.000000,1.000000,0.000000,0.000000,1.000000,1961.864000,3689.126000
1.000000,32.000000,10.000000,1.000000,0.000000,0.000000,1.000000,2321.537000,179.021700
1.000000,19.000000,12.000000,1.000000,0.000000,0.000000,0.000000,2534.072000,4551.979000
1.000000,30.000000,10.000000,1.000000,0.000000,0.000000,1.000000,2615.817000,0.000000
1.000000,25.000000,12.000000,1.000000,0.000000,0.000000,0.000000,2746.608000,2090.678000
1.000000,26.000000,11.000000,0.000000,0.000000,0.000000,1.000000,4676.457000,1973.345000
1.000000,19.000000,10.000000,1.000000,0.000000,0.000000,1.000000,3473.808000,5861.603000
1.000000,19.000000,8.000000,0.000000,0.000000,0.000000,1.000000,3416.907000,9251.357000
1.000000,20.000000,10.000000,1.000000,0.000000,0.000000,1.000000,5100.839000,13626.040000
1.000000,21.000000,11.000000,1.000000,0.000000,0.000000,1.000000,5310.107000,7906.341000
1.000000,23.000000,12.000000,1.000000,0.000000,0.000000,0.000000,7841.972000,7947.257000
1.000000,19.000000,11.000000,1.000000,0.000000,0.000000,1.000000,6409.027000,11648.700000
1.000000,22.000000,11.000000,1.000000,0.000000,0.000000,1.000000,8774.791000,18295.820000
1.000000,23.000000,12.000000,1.000000,0.000000,0.000000,0.000000,7782.042000,14416.840000
1.000000,26.000000,10.000000,1.000000,0.000000,1.000000,1.000000,8141.703000,4635.660000
1.000000,24.000000,12.000000,1.000000,0.000000,0.000000,0.000000,12982.340000,0.000000
1.000000,18.000000,10.000000,0.000000,1.000000,0.000000,1.000000,12625.510000,0.000000
1.000000,27.000000,11.000000,1.000000,0.000000,0.000000,1.000000,14223.500000,7661.973000
1.000000,21.000000,11.000000,0.000000,1.000000,0.000000,1.000000,17983.710000,15191.910000
1.000000,25.000000,8.000000,0.000000,0.000000,0.000000,1.000000,23096.650000,6421.530000
1.000000,21.000000,12.000000,1.000000,0.000000,0.000000,0.000000,807.951100,4350.907000
1.000000,19.000000,11.000000,1.000000,0.000000,0.000000,1.000000,532.253600,0.000000
1.000000,18.000000,11.000000,1.000000,0.000000,0.000000,1.000000,851.606100,0.000000
1.000000,34.000000,7.000000,1.000000,0.000000,0.000000,1.000000,857.519500,0.000000
1.000000,21.000000,11.000000,0.000000,0.000000,0.000000,1.000000,946.227900,11412.240000
1.000000,25.000000,9.000000,1.000000,0.000000,0.000000,1.000000,1536.503000,1709.342000
1.000000,17.000000,9.000000,1.000000,0.000000,0.000000,1.000000,1341.651000,1374.066000
1.000000,28.000000,8.000000,1.000000,0.000000,0.000000,1.000000,1182.786000,7779.263000
1.000000,18.000000,9.000000,1.000000,0.000000,0.000000,1.000000,1182.786000,5100.469000
1.000000,27.000000,12.000000,1.000000,0.000000,0.000000,0.000000,4310.455000,0.000000
1.000000,23.000000,9.000000,1.000000,0.000000,0.000000,1.000000,1774.180000,11464.710000
1.000000,19.000000,8.000000,0.000000,1.000000,0.000000,1.000000,1862.889000,8774.623000
1.000000,21.000000,11.000000,1.000000,0.000000,0.000000,1.000000,2158.585000,0.000000
1.000000,21.000000,11.000000,1.000000,0.000000,0.000000,1.000000,2217.724000,4082.370000
1.000000,23.000000,10.000000,1.000000,0.000000,0.000000,1.000000,2217.724000,0.000000
1.000000,27.000000,9.000000,1.000000,0.000000,0.000000,1.000000,2294.605000,2018.556000
1.000000,27.000000,11.000000,1.000000,0.000000,0.000000,1.000000,2483.852000,0.000000
1.000000,23.000000,12.000000,0.000000,0.000000,0.000000,0.000000,3903.195000,796.559700
1.000000,27.000000,8.000000,1.000000,0.000000,0.000000,1.000000,7218.277000,7976.932000
1.000000,28.000000,11.000000,1.000000,0.000000,1.000000,1.000000,6952.580000,7318.186000
1.000000,25.000000,12.000000,1.000000,0.000000,0.000000,0.000000,5204.259000,0.000000
1.000000,20.000000,12.000000,1.000000,0.000000,0.000000,0.000000,6085.421000,9750.660000
1.000000,26.000000,12.000000,1.000000,0.000000,0.000000,0.000000,6608.803000,5811.765000
1.000000,23.000000,10.000000,1.000000,0.000000,1.000000,1.000000,10495.080000,3385.811000
1.000000,49.000000,8.000000,0.000000,0.000000,1.000000,1.000000,7285.948000,16717.120000
1.000000,19.000000,11.000000,1.000000,0.000000,0.000000,1.000000,10224.370000,11293.810000
1.000000,21.000000,13.000000,0.000000,0.000000,0.000000,0.000000,8616.852000,99.570020
1.000000,27.000000,12.000000,1.000000,0.000000,1.000000,0.000000,7806.387000,2777.585000
1.000000,23.000000,11.000000,1.000000,0.000000,0.000000,1.000000,8959.589000,1659.500000
1.000000,22.000000,11.000000,1.000000,0.000000,0.000000,1.000000,12170.940000,8408.393000
1.000000,24.000000,15.000000,1.000000,0.000000,0.000000,0.000000,13008.500000,14683.630000
1.000000,24.000000,12.000000,1.000000,0.000000,0.000000,0.000000,18154.060000,0.000000
1.000000,18.000000,11.000000,1.000000,0.000000,0.000000,1.000000,214.563600,929.883900
1.000000,17.000000,10.000000,1.000000,0.000000,0.000000,1.000000,5793.852000,5522.788000
1.000000,17.000000,9.000000,1.000000,0.000000,0.000000,1.000000,1253.439000,5445.200000
1.000000,28.000000,11.000000,1.000000,0.000000,0.000000,1.000000,6871.856000,0.000000
1.000000,27.000000,11.000000,1.000000,0.000000,0.000000,1.000000,2666.274000,0.000000
1.000000,19.000000,11.000000,1.000000,0.000000,0.000000,1.000000,2615.276000,4146.603000
1.000000,18.000000,11.000000,0.000000,0.000000,0.000000,1.000000,919.557900,4321.705000
1.000000,24.000000,10.000000,1.000000,0.000000,0.000000,1.000000,2421.947000,1660.508000
1.000000,23.000000,12.000000,1.000000,0.000000,0.000000,0.000000,3039.960000,8484.239000
1.000000,21.000000,9.000000,1.000000,0.000000,0.000000,1.000000,5749.331000,743.666600
1.000000,21.000000,12.000000,1.000000,0.000000,0.000000,0.000000,3332.409000,9371.037000
1.000000,24.000000,9.000000,1.000000,0.000000,0.000000,1.000000,2288.675000,4849.559000
1.000000,20.000000,9.000000,0.000000,1.000000,0.000000,1.000000,5875.049000,1358.643000
1.000000,25.000000,13.000000,1.000000,0.000000,0.000000,0.000000,3090.732000,0.000000
1.000000,35.000000,8.000000,1.000000,0.000000,1.000000,1.000000,17976.150000,3786.628000
1.000000,17.000000,9.000000,0.000000,1.000000,0.000000,1.000000,74.343450,6210.670000
1.000000,24.000000,11.000000,1.000000,0.000000,1.000000,1.000000,1666.113000,4032.708000
1.000000,20.000000,12.000000,1.000000,0.000000,0.000000,0.000000,165.207700,0.000000
1.000000,21.000000,8.000000,1.000000,0.000000,0.000000,1.000000,3695.897000,4279.613000
1.000000,18.000000,10.000000,1.000000,0.000000,0.000000,1.000000,1784.274000,11141.390000
1.000000,27.000000,12.000000,1.000000,0.000000,0.000000,0.000000,357.949900,22163.250000
1.000000,22.000000,9.000000,1.000000,0.000000,0.000000,1.000000,3836.986000,3462.564000
1.000000,46.000000,8.000000,1.000000,0.000000,0.000000,1.000000,2594.723000,0.000000
1.000000,19.000000,10.000000,1.000000,0.000000,0.000000,1.000000,6056.754000,0.000000
1.000000,19.000000,11.000000,0.000000,1.000000,1.000000,1.000000,5463.803000,6788.463000
1.000000,22.000000,12.000000,1.000000,0.000000,0.000000,0.000000,936.177300,0.000000
1.000000,22.000000,12.000000,0.000000,0.000000,0.000000,0.000000,8455.504000,12590.710000
1.000000,26.000000,12.000000,1.000000,0.000000,1.000000,0.000000,5794.831000,1424.944000
1.000000,29.000000,12.000000,1.000000,0.000000,0.000000,0.000000,4878.937000,10976.510000
1.000000,31.000000,9.000000,1.000000,0.000000,0.000000,1.000000,5517.841000,9558.501000
1.000000,29.000000,12.000000,1.000000,0.000000,0.000000,0.000000,1817.284000,0.000000
1.000000,35.000000,9.000000,1.000000,0.000000,1.000000,1.000000,13830.640000,12803.970000
1.000000,25.000000,12.000000,1.000000,0.000000,0.000000,0.000000,2409.274000,0.000000
1.000000,22.000000,12.000000,0.000000,1.000000,1.000000,0.000000,7055.702000,10092.830000
1.000000,27.000000,10.000000,1.000000,0.000000,0.000000,1.000000,3550.075000,0.000000
1.000000,22.000000,10.000000,1.000000,0.000000,1.000000,1.000000,5588.664000,13228.280000
1.000000,19.000000,8.000000,1.000000,0.000000,0.000000,1.000000,2937.264000,7535.942000
1.000000,20.000000,11.000000,1.000000,0.000000,0.000000,1.000000,1220.836000,1085.440000
1.000000,21.000000,12.000000,0.000000,0.000000,0.000000,0.000000,334.049400,12558.020000
1.000000,27.000000,12.000000,1.000000,0.000000,1.000000,0.000000,334.049300,0.000000
1.000000,20.000000,10.000000,1.000000,0.000000,0.000000,1.000000,2777.355000,5615.189000
1.000000,23.000000,12.000000,1.000000,0.000000,0.000000,0.000000,501.074100,671.331800
1.000000,27.000000,13.000000,0.000000,0.000000,1.000000,0.000000,853.722500,0.000000
1.000000,23.000000,12.000000,0.000000,1.000000,0.000000,0.000000,1117.439000,559.443200
1.000000,24.000000,12.000000,1.000000,0.000000,0.000000,0.000000,2842.764000,6167.681000
1.000000,20.000000,11.000000,1.000000,0.000000,0.000000,1.000000,1484.994000,6943.342000
1.000000,26.000000,10.000000,1.000000,0.000000,0.000000,1.000000,6788.958000,672.877300
1.000000,25.000000,14.000000,1.000000,0.000000,1.000000,0.000000,11536.570000,36646.950000
1.000000,26.000000,10.000000,1.000000,0.000000,1.000000,1.000000,0.000000,0.000000
1.000000,20.000000,9.000000,1.000000,0.000000,0.000000,1.000000,0.000000,8881.665000
1.000000,31.000000,4.000000,1.000000,0.000000,0.000000,1.000000,4023.211000,7382.549000
1.000000,24.000000,10.000000,1.000000,0.000000,1.000000,1.000000,4078.152000,0.000000
1.000000,33.000000,11.000000,1.000000,0.000000,1.000000,1.000000,25142.240000,4181.942000
1.000000,33.000000,12.000000,1.000000,0.000000,1.000000,0.000000,10941.350000,15952.600000
0.000000,23.000000,10.000000,1.000000,0.000000,0.000000,1.000000,0.000000,0.000000
0.000000,26.000000,12.000000,0.000000,0.000000,0.000000,0.000000,0.000000,12383.680000
0.000000,22.000000,9.000000,1.000000,0.000000,0.000000,1.000000,0.000000,0.000000
0.000000,34.000000,9.000000,1.000000,0.000000,0.000000,1.000000,4368.413000,14051.160000
0.000000,18.000000,9.000000,1.000000,0.000000,0.000000,1.000000,0.000000,10740.080000
0.000000,45.000000,11.000000,1.000000,0.000000,0.000000,1.000000,0.000000,11796.470000
0.000000,18.000000,9.000000,1.000000,0.000000,0.000000,1.000000,0.000000,9227.052000
0.000000,27.000000,12.000000,1.000000,0.000000,0.000000,0.000000,2483.851000,3552.268000
0.000000,24.000000,8.000000,0.000000,0.000000,0.000000,1.000000,0.000000,10569.270000
0.000000,34.000000,11.000000,1.000000,0.000000,1.000000,1.000000,0.000000,6040.335000
0.000000,20.000000,13.000000,1.000000,0.000000,0.000000,0.000000,8965.243000,9199.563000
0.000000,24.000000,4.000000,0.000000,1.000000,0.000000,1.000000,0.000000,3880.833000
0.000000,28.000000,12.000000,0.000000,0.000000,0.000000,0.000000,803.343000,16477.020000
0.000000,21.000000,10.000000,1.000000,0.000000,0.000000,1.000000,922.572900,0.000000
0.000000,28.000000,12.000000,1.000000,0.000000,1.000000,0.000000,29009.110000,10067.430000
0.000000,20.000000,12.000000,1.000000,0.000000,0.000000,0.000000,6004.728000,4779.720000
0.000000,23.000000,8.000000,1.000000,0.000000,0.000000,1.000000,3403.056000,0.000000
0.000000,21.000000,11.000000,1.000000,0.000000,1.000000,1.000000,7244.561000,8976.826000
0.000000,36.000000,10.000000,1.000000,0.000000,0.000000,1.000000,0.000000,0.000000
0.000000,18.000000,12.000000,0.000000,0.000000,0.000000,0.000000,735.205100,2502.526000
0.000000,21.000000,14.000000,1.000000,0.000000,0.000000,0.000000,0.000000,5775.062000
0.000000,30.000000,13.000000,1.000000,0.000000,0.000000,0.000000,5569.761000,0.000000
0.000000,26.000000,11.000000,0.000000,1.000000,0.000000,1.000000,1491.016000,0.000000
0.000000,28.000000,9.000000,1.000000,0.000000,0.000000,1.000000,0.000000,0.000000
0.000000,31.000000,4.000000,0.000000,0.000000,0.000000,1.000000,10711.080000,0.000000
0.000000,18.000000,12.000000,1.000000,0.000000,0.000000,0.000000,642.664500,14444.710000
0.000000,27.000000,7.000000,1.000000,0.000000,1.000000,1.000000,0.000000,0.000000
0.000000,19.000000,11.000000,0.000000,0.000000,0.000000,1.000000,0.000000,0.000000
0.000000,20.000000,8.000000,1.000000,0.000000,0.000000,1.000000,0.000000,0.000000
0.000000,28.000000,8.000000,1.000000,0.000000,0.000000,1.000000,10610.080000,4623.188000
0.000000,34.000000,12.000000,1.000000,0.000000,0.000000,0.000000,0.000000,2113.722000
0.000000,24.000000,10.000000,1.000000,0.000000,0.000000,1.000000,0.000000,7618.639000
0.000000,24.000000,9.000000,1.000000,0.000000,0.000000,1.000000,0.000000,16461.570000
0.000000,22.000000,8.000000,0.000000,1.000000,0.000000,1.000000,0.000000,9920.945000
0.000000,25.000000,11.000000,1.000000,0.000000,0.000000,1.000000,0.000000,4196.375000
0.000000,20.000000,11.000000,0.000000,0.000000,0.000000,1.000000,1177.118000,8743.071000
0.000000,21.000000,9.000000,1.000000,0.000000,0.000000,1.000000,0.000000,3343.224000
0.000000,19.000000,12.000000,1.000000,0.000000,0.000000,0.000000,2814.195000,1720.907000
0.000000,39.000000,9.000000,1.000000,0.000000,0.000000,1.000000,0.000000,0.000000
0.000000,19.000000,9.000000,1.000000,0.000000,1.000000,1.000000,0.000000,16658.250000
0.000000,24.000000,10.000000,1.000000,0.000000,0.000000,1.000000,1307.908000,0.000000
0.000000,44.000000,9.000000,1.000000,0.000000,0.000000,1.000000,0.000000,9722.003000
0.000000,23.000000,11.000000,1.000000,0.000000,0.000000,1.000000,1896.023000,5573.547000
0.000000,22.000000,12.000000,1.000000,0.000000,0.000000,0.000000,532.253600,1333.445000
0.000000,27.000000,8.000000,1.000000,0.000000,0.000000,1.000000,0.000000,3783.660000
0.000000,27.000000,11.000000,1.000000,0.000000,1.000000,1.000000,1122.621000,215.834800
0.000000,18.000000,9.000000,1.000000,0.000000,0.000000,1.000000,1605.448000,0.000000
0.000000,25.000000,8.000000,1.000000,0.000000,0.000000,1.000000,0.000000,3515.929000
0.000000,31.000000,10.000000,1.000000,0.000000,0.000000,1.000000,0.000000,17014.590000
0.000000,28.000000,10.000000,1.000000,0.000000,0.000000,1.000000,6567.329000,5435.787000
0.000000,26.000000,10.000000,1.000000,0.000000,1.000000,1.000000,558.773400,0.000000
0.000000,30.000000,8.000000,1.000000,0.000000,0.000000,1.000000,1706.657000,0.000000
0.000000,28.000000,11.000000,0.000000,1.000000,1.000000,1.000000,0.000000,6771.622000
0.000000,34.000000,10.000000,1.000000,0.000000,1.000000,1.000000,0.000000,0.000000
0.000000,21.000000,7.000000,0.000000,1.000000,0.000000,1.000000,0.000000,0.000000
0.000000,33.000000,12.000000,1.000000,0.000000,0.000000,0.000000,0.000000,5970.257000
0.000000,19.000000,9.000000,1.000000,0.000000,0.000000,1.000000,1778.089000,7171.000000
0.000000,20.000000,11.000000,1.000000,0.000000,0.000000,1.000000,7967.209000,0.000000
0.000000,18.000000,10.000000,0.000000,1.000000,0.000000,1.000000,0.000000,1859.167000
0.000000,27.000000,12.000000,1.000000,0.000000,1.000000,0.000000,752.390100,0.000000
0.000000,26.000000,12.000000,1.000000,0.000000,1.000000,0.000000,0.000000,6191.943000
0.000000,24.000000,9.000000,1.000000,0.000000,0.000000,1.000000,9662.670000,0.000000
0.000000,31.000000,12.000000,1.000000,0.000000,0.000000,0.000000,0.000000,7284.394000
0.000000,22.000000,12.000000,1.000000,0.000000,0.000000,0.000000,2158.050000,0.000000
0.000000,28.000000,14.000000,1.000000,0.000000,0.000000,0.000000,6539.537000,3123.116000
0.000000,35.000000,10.000000,1.000000,0.000000,0.000000,1.000000,0.000000,445.830900
0.000000,20.000000,12.000000,1.000000,0.000000,0.000000,0.000000,0.000000,0.000000
0.000000,30.000000,9.000000,0.000000,0.000000,0.000000,1.000000,3141.917000,1320.923000
0.000000,25.000000,11.000000,1.000000,0.000000,0.000000,1.000000,0.000000,0.000000
0.000000,25.000000,10.000000,1.000000,0.000000,0.000000,1.000000,0.000000,7367.040000
0.000000,35.000000,11.000000,1.000000,0.000000,0.000000,1.000000,0.000000,0.000000
0.000000,22.000000,8.000000,1.000000,0.000000,0.000000,1.000000,6150.520000,0.000000
0.000000,21.000000,12.000000,1.000000,0.000000,0.000000,0.000000,449.047900,0.000000
0.000000,20.000000,10.000000,1.000000,0.000000,0.000000,1.000000,0.000000,2015.503000
0.000000,21.000000,8.000000,1.000000,0.000000,0.000000,1.000000,2237.208000,1764.108000
0.000000,25.000000,9.000000,0.000000,1.000000,0.000000,1.000000,0.000000,15791.130000
0.000000,24.000000,10.000000,0.000000,1.000000,0.000000,1.000000,3000.838000,5350.038000
0.000000,33.000000,11.000000,1.000000,0.000000,0.000000,1.000000,2899.820000,18859.890000
0.000000,21.000000,9.000000,1.000000,0.000000,0.000000,1.000000,12357.220000,0.000000
0.000000,27.000000,11.000000,1.000000,0.000000,1.000000,1.000000,4491.884000,0.000000
0.000000,27.000000,10.000000,1.000000,0.000000,0.000000,1.000000,0.000000,1135.470000
0.000000,20.000000,11.000000,0.000000,1.000000,0.000000,1.000000,0.000000,6378.720000
0.000000,25.000000,13.000000,1.000000,0.000000,0.000000,0.000000,10240.360000,10020.720000
0.000000,18.000000,11.000000,1.000000,0.000000,0.000000,1.000000,645.272300,5497.591000
0.000000,26.000000,11.000000,1.000000,0.000000,0.000000,1.000000,0.000000,7176.187000
0.000000,38.000000,8.000000,1.000000,0.000000,0.000000,1.000000,0.000000,0.000000
0.000000,21.000000,11.000000,1.000000,0.000000,1.000000,1.000000,7652.120000,8396.654000
0.000000,34.000000,11.000000,1.000000,0.000000,0.000000,1.000000,8912.484000,5611.866000
0.000000,21.000000,10.000000,1.000000,0.000000,0.000000,1.000000,1162.362000,39483.530000
0.000000,31.000000,13.000000,1.000000,0.000000,0.000000,0.000000,10393.610000,7404.762000
0.000000,34.000000,10.000000,1.000000,0.000000,0.000000,1.000000,0.000000,7952.540000
0.000000,25.000000,11.000000,1.000000,0.000000,0.000000,1.000000,3649.769000,0.000000
0.000000,24.000000,9.000000,1.000000,0.000000,0.000000,1.000000,1275.356000,8644.427000
0.000000,19.000000,12.000000,1.000000,0.000000,0.000000,0.000000,0.000000,0.000000
0.000000,32.000000,8.000000,1.000000,0.000000,0.000000,1.000000,0.000000,7152.132000
0.000000,20.000000,9.000000,0.000000,1.000000,0.000000,1.000000,0.000000,8329.823000
0.000000,23.000000,10.000000,1.000000,0.000000,0.000000,1.000000,0.000000,0.000000
0.000000,38.000000,10.000000,1.000000,0.000000,0.000000,1.000000,0.000000,12429.910000
0.000000,24.000000,11.000000,1.000000,0.000000,0.000000,1.000000,0.000000,0.000000
0.000000,19.000000,10.000000,0.000000,1.000000,0.000000,1.000000,1197.462000,11223.720000
0.000000,23.000000,11.000000,1.000000,0.000000,0.000000,1.000000,0.000000,5088.760000
0.000000,20.000000,7.000000,0.000000,1.000000,0.000000,1.000000,0.000000,4374.040000
0.000000,25.000000,10.000000,1.000000,0.000000,1.000000,1.000000,9319.444000,0.000000
0.000000,21.000000,11.000000,1.000000,0.000000,0.000000,1.000000,0.000000,1553.291000
0.000000,25.000000,10.000000,1.000000,0.000000,0.000000,1.000000,0.000000,0.000000
0.000000,22.000000,11.000000,1.000000,0.000000,1.000000,1.000000,0.000000,1698.304000
0.000000,29.000000,9.000000,0.000000,1.000000,0.000000,1.000000,16341.160000,16900.300000
0.000000,21.000000,11.000000,1.000000,0.000000,0.000000,1.000000,1862.889000,11630.660000
0.000000,21.000000,7.000000,1.000000,0.000000,0.000000,1.000000,0.000000,11011.570000
0.000000,23.000000,11.000000,1.000000,0.000000,0.000000,1.000000,0.000000,0.000000
0.000000,20.000000,12.000000,1.000000,0.000000,0.000000,0.000000,1371.473000,20893.110000
0.000000,21.000000,11.000000,0.000000,1.000000,0.000000,1.000000,8920.471000,20857.840000
0.000000,26.000000,12.000000,1.000000,0.000000,0.000000,0.000000,7322.037000,4677.049000
0.000000,24.000000,12.000000,0.000000,0.000000,0.000000,0.000000,0.000000,11294.630000
0.000000,43.000000,10.000000,1.000000,0.000000,0.000000,1.000000,4128.443000,7565.273000
0.000000,31.000000,11.000000,1.000000,0.000000,0.000000,1.000000,1726.445000,0.000000
0.000000,22.000000,11.000000,1.000000,0.000000,0.000000,1.000000,2707.372000,100.699800
0.000000,29.000000,11.000000,1.000000,0.000000,0.000000,1.000000,0.000000,0.000000
0.000000,24.000000,11.000000,1.000000,0.000000,0.000000,1.000000,0.000000,14626.390000
0.000000,22.000000,9.000000,1.000000,0.000000,0.000000,1.000000,0.000000,12898.380000
0.000000,19.000000,11.000000,1.000000,0.000000,0.000000,1.000000,8870.879000,7396.292000
0.000000,28.000000,11.000000,1.000000,0.000000,0.000000,1.000000,0.000000,5767.133000
0.000000,18.000000,10.000000,0.000000,1.000000,0.000000,1.000000,0.000000,6527.919000
0.000000,18.000000,9.000000,1.000000,0.000000,0.000000,1.000000,2138.094000,5767.704000
0.000000,26.000000,10.000000,1.000000,0.000000,0.000000,1.000000,0.000000,3931.238000
0.000000,25.000000,10.000000,1.000000,0.000000,0.000000,1.000000,0.000000,20942.240000
0.000000,26.000000,12.000000,1.000000,0.000000,0.000000,0.000000,8479.593000,10820.550000
0.000000,23.000000,11.000000,1.000000,0.000000,0.000000,1.000000,29897.190000,23483.450000
0.000000,20.000000,8.000000,0.000000,1.000000,0.000000,1.000000,1124.801000,11731.200000
0.000000,24.000000,10.000000,1.000000,0.000000,0.000000,1.000000,0.000000,0.000000
0.000000,27.000000,13.000000,1.000000,0.000000,0.000000,0.000000,8797.348000,1653.481000
0.000000,26.000000,5.000000,1.000000,0.000000,0.000000,1.000000,0.000000,0.000000
0.000000,37.000000,10.000000,1.000000,0.000000,0.000000,1.000000,8606.743000,0.000000
0.000000,36.000000,10.000000,1.000000,0.000000,0.000000,1.000000,0.000000,14690.350000
0.000000,22.000000,11.000000,1.000000,0.000000,0.000000,1.000000,0.000000,0.000000
0.000000,22.000000,9.000000,1.000000,0.000000,0.000000,1.000000,506.407600,604.198700
0.000000,25.000000,12.000000,1.000000,0.000000,0.000000,0.000000,0.000000,3418.097000
0.000000,22.000000,10.000000,1.000000,0.000000,0.000000,1.000000,1765.676000,0.000000
0.000000,27.000000,11.000000,1.000000,0.000000,0.000000,1.000000,0.000000,11197.340000
0.000000,29.000000,8.000000,1.000000,0.000000,0.000000,1.000000,0.000000,0.000000
0.000000,18.000000,9.000000,1.000000,0.000000,0.000000,1.000000,2006.629000,6546.010000
0.000000,24.000000,12.000000,1.000000,0.000000,0.000000,0.000000,0.000000,0.000000
0.000000,27.000000,9.000000,0.000000,1.000000,0.000000,1.000000,1596.762000,6723.414000
0.000000,19.000000,9.000000,1.000000,0.000000,0.000000,1.000000,902.456500,1914.414000
0.000000,22.000000,10.000000,1.000000,0.000000,0.000000,1.000000,0.000000,0.000000
0.000000,29.000000,12.000000,1.000000,0.000000,0.000000,0.000000,1359.347000,132.760000
0.000000,30.000000,11.000000,1.000000,0.000000,1.000000,1.000000,9311.938000,3982.801000
0.000000,22.000000,7.000000,1.000000,0.000000,0.000000,1.000000,13503.770000,11607.090000
0.000000,24.000000,7.000000,1.000000,0.000000,0.000000,1.000000,0.000000,1455.690000
0.000000,29.000000,14.000000,1.000000,0.000000,0.000000,0.000000,3357.185000,7226.049000
0.000000,29.000000,12.000000,1.000000,0.000000,0.000000,0.000000,0.000000,1890.937000
0.000000,22.000000,11.000000,1.000000,0.000000,0.000000,1.000000,1321.660000,2639.290000
0.000000,25.000000,11.000000,0.000000,1.000000,1.000000,1.000000,0.000000,4485.616000
0.000000,30.000000,12.000000,1.000000,0.000000,0.000000,0.000000,0.000000,13613.350000
0.000000,22.000000,8.000000,1.000000,0.000000,0.000000,1.000000,0.000000,1390.509000
0.000000,55.000000,3.000000,1.000000,0.000000,0.000000,1.000000,0.000000,5843.796000
0.000000,35.000000,10.000000,1.000000,0.000000,0.000000,1.000000,9902.763000,9453.827000
0.000000,20.000000,10.000000,1.000000,0.000000,0.000000,1.000000,0.000000,8598.522000
0.000000,29.000000,9.000000,1.000000,0.000000,0.000000,1.000000,1203.824000,9378.653000
0.000000,20.000000,11.000000,1.000000,0.000000,0.000000,1.000000,3470.389000,7896.707000
0.000000,27.000000,9.000000,1.000000,0.000000,0.000000,1.000000,2129.016000,0.000000
0.000000,28.000000,10.000000,1.000000,0.000000,1.000000,1.000000,6449.480000,16988.180000
0.000000,20.000000,11.000000,1.000000,0.000000,0.000000,1.000000,2531.311000,0.000000
0.000000,26.000000,14.000000,1.000000,0.000000,1.000000,0.000000,2025.566000,0.000000
0.000000,19.000000,8.000000,0.000000,1.000000,0.000000,1.000000,1087.803000,2987.101000
0.000000,34.000000,11.000000,1.000000,0.000000,0.000000,1.000000,0.000000,2920.199000
0.000000,22.000000,12.000000,1.000000,0.000000,0.000000,0.000000,0.000000,0.000000
0.000000,32.000000,12.000000,0.000000,1.000000,1.000000,0.000000,0.000000,6735.320000
0.000000,19.000000,11.000000,1.000000,0.000000,0.000000,1.000000,1868.021000,0.000000
0.000000,31.000000,10.000000,1.000000,0.000000,0.000000,1.000000,0.000000,0.000000
0.000000,18.000000,9.000000,1.000000,0.000000,0.000000,1.000000,0.000000,0.000000
0.000000,28.000000,10.000000,1.000000,0.000000,0.000000,1.000000,4479.587000,128.672000
0.000000,32.000000,12.000000,1.000000,0.000000,0.000000,0.000000,12419.180000,10673.700000
0.000000,50.000000,10.000000,0.000000,1.000000,0.000000,1.000000,0.000000,0.000000
0.000000,20.000000,12.000000,1.000000,0.000000,0.000000,0.000000,591.815100,4159.919000
0.000000,25.000000,11.000000,1.000000,0.000000,1.000000,1.000000,0.000000,44.755460
0.000000,23.000000,10.000000,1.000000,0.000000,1.000000,1.000000,0.000000,0.000000
0.000000,21.000000,14.000000,1.000000,0.000000,0.000000,0.000000,5926.795000,29408.040000
0.000000,38.000000,10.000000,1.000000,0.000000,0.000000,1.000000,0.000000,0.000000
0.000000,25.000000,7.000000,0.000000,1.000000,0.000000,1.000000,1177.118000,9722.349000
0.000000,25.000000,10.000000,1.000000,0.000000,1.000000,1.000000,0.000000,3701.812000
0.000000,29.000000,12.000000,1.000000,0.000000,0.000000,0.000000,2080.209000,16969.950000
0.000000,42.000000,10.000000,1.000000,0.000000,0.000000,1.000000,0.000000,6930.336000
0.000000,39.000000,12.000000,1.000000,0.000000,1.000000,0.000000,0.000000,3795.799000
0.000000,27.000000,11.000000,1.000000,0.000000,1.000000,1.000000,20035.260000,9074.764000
0.000000,34.000000,13.000000,1.000000,0.000000,1.000000,0.000000,0.000000,5193.247000
0.000000,25.000000,11.000000,1.000000,0.000000,1.000000,1.000000,3266.406000,479.267700
0.000000,28.000000,10.000000,1.000000,0.000000,0.000000,1.000000,10068.400000,0.000000
0.000000,24.000000,7.000000,1.000000,0.000000,0.000000,1.000000,0.000000,2193.528000
0.000000,32.000000,11.000000,1.000000,0.000000,0.000000,1.000000,0.000000,11120.530000
0.000000,27.000000,13.000000,1.000000,0.000000,0.000000,0.000000,0.000000,7609.518000
0.000000,20.000000,12.000000,1.000000,0.000000,0.000000,0.000000,4932.215000,6086.966000
0.000000,29.000000,13.000000,1.000000,0.000000,0.000000,0.000000,2265.579000,2725.322000
0.000000,26.000000,10.000000,1.000000,0.000000,0.000000,1.000000,0.000000,2169.027000
0.000000,44.000000,11.000000,1.000000,0.000000,0.000000,1.000000,0.000000,0.000000
0.000000,24.000000,9.000000,1.000000,0.000000,0.000000,1.000000,4118.681000,597.420000
0.000000,28.000000,10.000000,0.000000,0.000000,1.000000,1.000000,6346.193000,6793.077000
0.000000,24.000000,11.000000,1.000000,0.000000,0.000000,1.000000,1327.993000,9495.902000
0.000000,25.000000,11.000000,1.000000,0.000000,0.000000,1.000000,0.000000,1264.232000
0.000000,25.000000,8.000000,1.000000,0.000000,1.000000,1.000000,515.827400,14281.310000
0.000000,23.000000,11.000000,1.000000,0.000000,0.000000,1.000000,5716.407000,10274.840000
0.000000,20.000000,11.000000,1.000000,0.000000,0.000000,1.000000,1650.461000,278.875100
0.000000,24.000000,12.000000,1.000000,0.000000,0.000000,0.000000,8100.533000,11235.110000
0.000000,20.000000,11.000000,0.000000,0.000000,1.000000,1.000000,8159.507000,6336.783000
0.000000,25.000000,12.000000,1.000000,0.000000,0.000000,0.000000,0.000000,0.000000
0.000000,28.000000,11.000000,1.000000,0.000000,0.000000,1.000000,863.479500,0.000000
0.000000,28.000000,12.000000,1.000000,0.000000,1.000000,0.000000,0.000000,0.000000
0.000000,21.000000,12.000000,0.000000,0.000000,0.000000,0.000000,5440.815000,11544.010000
0.000000,24.000000,11.000000,0.000000,0.000000,0.000000,1.000000,1468.383000,10361.690000
0.000000,32.000000,10.000000,1.000000,0.000000,0.000000,1.000000,0.000000,0.000000
0.000000,21.000000,10.000000,1.000000,0.000000,1.000000,1.000000,1785.180000,6831.106000
0.000000,21.000000,8.000000,1.000000,0.000000,0.000000,1.000000,6608.304000,3083.581000
0.000000,25.000000,10.000000,1.000000,0.000000,1.000000,1.000000,11696.370000,11127.280000
0.000000,22.000000,10.000000,0.000000,0.000000,1.000000,1.000000,23031.980000,5448.801000
0.000000,22.000000,10.000000,1.000000,0.000000,0.000000,1.000000,0.000000,0.000000
0.000000,19.000000,9.000000,1.000000,0.000000,0.000000,1.000000,0.000000,5712.643000
0.000000,31.000000,10.000000,1.000000,0.000000,1.000000,1.000000,0.000000,0.000000
0.000000,23.000000,11.000000,1.000000,0.000000,0.000000,1.000000,0.000000,0.000000
0.000000,22.000000,11.000000,1.000000,0.000000,0.000000,1.000000,875.261500,9139.652000
0.000000,33.000000,11.000000,1.000000,0.000000,0.000000,1.000000,0.000000,0.000000
0.000000,27.000000,10.000000,1.000000,0.000000,0.000000,1.000000,0.000000,1184.882000
0.000000,29.000000,11.000000,1.000000,0.000000,1.000000,1.000000,0.000000,10225.880000
0.000000,38.000000,10.000000,1.000000,0.000000,1.000000,1.000000,14701.950000,4393.523000
0.000000,20.000000,6.000000,1.000000,0.000000,0.000000,1.000000,2850.610000,0.000000
0.000000,23.000000,10.000000,1.000000,0.000000,0.000000,1.000000,0.000000,0.000000
0.000000,29.000000,11.000000,1.000000,0.000000,0.000000,1.000000,3256.165000,3290.293000
0.000000,26.000000,9.000000,1.000000,0.000000,0.000000,1.000000,6955.054000,11856.880000
0.000000,25.000000,9.000000,1.000000,0.000000,1.000000,1.000000,0.000000,4715.371000
0.000000,24.000000,11.000000,1.000000,0.000000,0.000000,1.000000,13370.580000,19533.880000
0.000000,25.000000,10.000000,1.000000,0.000000,0.000000,1.000000,0.000000,289.789900
0.000000,23.000000,11.000000,0.000000,0.000000,0.000000,1.000000,19995.640000,12896.220000
0.000000,25.000000,13.000000,1.000000,0.000000,0.000000,0.000000,3751.048000,1672.776000
0.000000,20.000000,9.000000,1.000000,0.000000,0.000000,1.000000,9164.449000,8924.395000
0.000000,25.000000,11.000000,1.000000,0.000000,0.000000,1.000000,3072.726000,284.658400
0.000000,29.000000,12.000000,0.000000,0.000000,0.000000,0.000000,12205.140000,16328.960000
0.000000,25.000000,9.000000,1.000000,0.000000,1.000000,1.000000,16946.630000,7343.964000
0.000000,23.000000,11.000000,1.000000,0.000000,0.000000,1.000000,580.790100,0.000000
0.000000,44.000000,9.000000,1.000000,0.000000,1.000000,1.000000,10857.240000,12359.310000
0.000000,22.000000,12.000000,1.000000,0.000000,1.000000,0.000000,9352.199000,8072.181000
0.000000,20.000000,11.000000,0.000000,0.000000,0.000000,1.000000,1159.131000,0.000000
0.000000,36.000000,11.000000,1.000000,0.000000,0.000000,1.000000,7311.561000,0.000000
0.000000,24.000000,10.000000,1.000000,0.000000,0.000000,1.000000,0.000000,0.000000
0.000000,28.000000,8.000000,0.000000,0.000000,0.000000,1.000000,0.000000,8190.421000
0.000000,39.000000,11.000000,1.000000,0.000000,0.000000,1.000000,83.689640,0.000000
0.000000,27.000000,12.000000,0.000000,1.000000,0.000000,0.000000,24276.970000,15762.880000
0.000000,31.000000,10.000000,1.000000,0.000000,0.000000,1.000000,520.446300,14527.880000
0.000000,26.000000,6.000000,1.000000,0.000000,0.000000,1.000000,0.000000,4813.050000
0.000000,30.000000,11.000000,1.000000,0.000000,1.000000,1.000000,24105.390000,7263.025000
0.000000,31.000000,8.000000,1.000000,0.000000,0.000000,1.000000,4577.680000,6153.830000
0.000000,26.000000,8.000000,1.000000,0.000000,0.000000,1.000000,5562.598000,3523.578000
0.000000,26.000000,10.000000,1.000000,0.000000,1.000000,1.000000,9107.431000,12659.580000
0.000000,24.000000,12.000000,1.000000,0.000000,0.000000,0.000000,159.884700,0.000000
0.000000,25.000000,11.000000,1.000000,0.000000,0.000000,1.000000,2455.067000,8764.148000
0.000000,29.000000,9.000000,1.000000,0.000000,0.000000,1.000000,9160.693000,0.000000
0.000000,30.000000,14.000000,1.000000,0.000000,1.000000,0.000000,0.000000,7344.678000
0.000000,25.000000,10.000000,1.000000,0.000000,1.000000,1.000000,0.000000,0.000000
0.000000,41.000000,12.000000,1.000000,0.000000,0.000000,0.000000,9818.467000,0.000000
0.000000,29.000000,11.000000,1.000000,0.000000,1.000000,1.000000,0.000000,0.000000
0.000000,25.000000,12.000000,1.000000,0.000000,1.000000,0.000000,0.000000,0.000000
0.000000,28.000000,13.000000,1.000000,0.000000,0.000000,0.000000,0.000000,0.000000
0.000000,23.000000,11.000000,1.000000,0.000000,0.000000,1.000000,0.000000,4350.907000
0.000000,54.000000,11.000000,1.000000,0.000000,0.000000,1.000000,0.000000,7812.522000
0.000000,33.000000,5.000000,0.000000,1.000000,0.000000,1.000000,0.000000,0.000000
0.000000,31.000000,12.000000,0.000000,0.000000,0.000000,0.000000,494.643000,0.000000
0.000000,34.000000,12.000000,1.000000,0.000000,0.000000,0.000000,4087.214000,5670.820000
0.000000,50.000000,8.000000,1.000000,0.000000,1.000000,1.000000,5630.050000,8997.193000
0.000000,31.000000,11.000000,1.000000,0.000000,0.000000,1.000000,7505.213000,308.335200
0.000000,36.000000,12.000000,0.000000,1.000000,0.000000,0.000000,11491.950000,4978.501000
0.000000,20.000000,8.000000,1.000000,0.000000,0.000000,1.000000,0.000000,3644.655000
0.000000,24.000000,12.000000,0.000000,0.000000,1.000000,0.000000,24294.750000,665.737400
0.000000,23.000000,12.000000,0.000000,1.000000,0.000000,0.000000,8960.684000,7078.178000
0.000000,26.000000,13.000000,0.000000,0.000000,0.000000,0.000000,5395.119000,9766.200000
0.000000,28.000000,11.000000,0.000000,0.000000,0.000000,1.000000,3200.912000,7645.055000
0.000000,45.000000,9.000000,1.000000,0.000000,0.000000,1.000000,0.000000,4844.803000
0.000000,23.000000,10.000000,1.000000,0.000000,1.000000,1.000000,9854.153000,0.000000
0.000000,28.000000,11.000000,1.000000,0.000000,0.000000,1.000000,13371.250000,0.000000
0.000000,26.000000,11.000000,1.000000,0.000000,1.000000,1.000000,4184.732000,0.000000
0.000000,22.000000,10.000000,1.000000,0.000000,0.000000,1.000000,2174.955000,5344.021000
0.000000,27.000000,13.000000,0.000000,0.000000,0.000000,0.000000,474.501800,4812.576000
0.000000,27.000000,12.000000,0.000000,1.000000,0.000000,0.000000,2677.771000,17395.170000
0.000000,39.000000,6.000000,1.000000,0.000000,0.000000,1.000000,0.000000,0.000000
0.000000,25.000000,11.000000,1.000000,0.000000,0.000000,1.000000,0.000000,0.000000
0.000000,31.000000,11.000000,1.000000,0.000000,0.000000,1.000000,18291.410000,0.000000
0.000000,22.000000,12.000000,1.000000,0.000000,0.000000,0.000000,2003.680000,439.688100
0.000000,22.000000,10.000000,1.000000,0.000000,0.000000,1.000000,13732.980000,10770.960000
0.000000,28.000000,10.000000,1.000000,0.000000,0.000000,1.000000,367.823400,4858.895000
0.000000,31.000000,11.000000,1.000000,0.000000,0.000000,1.000000,6382.587000,0.000000
0.000000,27.000000,10.000000,1.000000,0.000000,1.000000,1.000000,11280.710000,0.000000
0.000000,28.000000,11.000000,1.000000,0.000000,1.000000,1.000000,5393.895000,4974.586000
0.000000,26.000000,12.000000,1.000000,0.000000,0.000000,0.000000,0.000000,0.000000
0.000000,27.000000,12.000000,1.000000,0.000000,0.000000,0.000000,32984.250000,10833.340000
0.000000,27.000000,12.000000,0.000000,0.000000,0.000000,0.000000,5035.444000,0.000000
0.000000,36.000000,12.000000,1.000000,0.000000,0.000000,0.000000,142.397300,0.000000
0.000000,26.000000,8.000000,1.000000,0.000000,1.000000,1.000000,4084.258000,0.000000
0.000000,23.000000,9.000000,1.000000,0.000000,1.000000,1.000000,19289.850000,7600.104000
0.000000,23.000000,10.000000,1.000000,0.000000,0.000000,1.000000,0.000000,0.000000
0.000000,31.000000,12.000000,1.000000,0.000000,0.000000,0.000000,5613.909000,0.000000
0.000000,36.000000,7.000000,1.000000,0.000000,0.000000,1.000000,1606.662000,20780.650000
0.000000,39.000000,12.000000,1.000000,0.000000,1.000000,0.000000,6608.137000,499.257200
0.000000,35.000000,11.000000,1.000000,0.000000,1.000000,1.000000,8720.905000,0.000000
0.000000,21.000000,9.000000,0.000000,0.000000,0.000000,1.000000,1577.167000,1740.199000
0.000000,36.000000,11.000000,0.000000,1.000000,0.000000,1.000000,3063.878000,1324.542000
0.000000,27.000000,12.000000,0.000000,0.000000,0.000000,0.000000,0.000000,14792.900000
0.000000,26.000000,11.000000,1.000000,0.000000,0.000000,1.000000,1174.991000,6672.021000
0.000000,28.000000,9.000000,1.000000,0.000000,1.000000,1.000000,9210.447000,1239.844000
0.000000,33.000000,9.000000,0.000000,1.000000,1.000000,1.000000,0.000000,0.000000
0.000000,28.000000,11.000000,1.000000,0.000000,1.000000,1.000000,10033.910000,0.000000
0.000000,22.000000,11.000000,1.000000,0.000000,0.000000,1.000000,6974.484000,3708.719000
0.000000,25.000000,11.000000,1.000000,0.000000,0.000000,1.000000,4284.429000,4116.702000
0.000000,25.000000,10.000000,1.000000,0.000000,1.000000,1.000000,0.000000,0.000000
0.000000,27.000000,11.000000,1.000000,0.000000,0.000000,1.000000,766.298600,0.000000
0.000000,26.000000,8.000000,0.000000,0.000000,1.000000,1.000000,36941.270000,30247.500000
0.000000,28.000000,12.000000,1.000000,0.000000,1.000000,0.000000,5551.456000,12780.020000
0.000000,25.000000,10.000000,0.000000,0.000000,0.000000,1.000000,8140.402000,3412.955000
0.000000,22.000000,10.000000,0.000000,0.000000,0.000000,1.000000,10598.670000,7094.920000
0.000000,23.000000,8.000000,1.000000,0.000000,0.000000,1.000000,0.000000,3746.701000
0.000000,20.000000,12.000000,0.000000,0.000000,0.000000,0.000000,3104.815000,12573.970000
0.000000,19.000000,11.000000,1.000000,0.000000,0.000000,1.000000,3285.680000,11195.930000
0.000000,17.000000,9.000000,0.000000,1.000000,0.000000,1.000000,671.227100,4209.579000
0.000000,19.000000,11.000000,1.000000,0.000000,0.000000,1.000000,5160.259000,0.000000
0.000000,18.000000,11.000000,1.000000,0.000000,0.000000,1.000000,4152.609000,4164.767000
0.000000,17.000000,10.000000,0.000000,1.000000,0.000000,1.000000,1239.628000,5088.986000
0.000000,20.000000,11.000000,1.000000,0.000000,0.000000,1.000000,3248.937000,6027.639000
0.000000,18.000000,8.000000,1.000000,0.000000,0.000000,1.000000,0.000000,1568.150000
0.000000,20.000000,10.000000,1.000000,0.000000,0.000000,1.000000,3677.588000,557.749900
0.000000,18.000000,11.000000,1.000000,0.000000,0.000000,1.000000,2041.363000,796.559000
0.000000,19.000000,10.000000,0.000000,1.000000,0.000000,1.000000,2275.368000,4335.159000
0.000000,17.000000,8.000000,1.000000,0.000000,0.000000,1.000000,0.000000,7010.444000
0.000000,17.000000,10.000000,0.000000,1.000000,0.000000,1.000000,1734.559000,6354.194000
0.000000,18.000000,10.000000,1.000000,0.000000,0.000000,1.000000,2682.125000,0.000000
0.000000,18.000000,10.000000,1.000000,0.000000,0.000000,1.000000,240.106700,2891.668000
0.000000,19.000000,11.000000,0.000000,1.000000,1.000000,1.000000,308.219200,0.000000
0.000000,18.000000,11.000000,1.000000,0.000000,0.000000,1.000000,8784.237000,1824.377000
0.000000,19.000000,11.000000,1.000000,0.000000,0.000000,1.000000,1615.901000,8823.059000
0.000000,19.000000,10.000000,1.000000,0.000000,0.000000,1.000000,963.997100,7047.080000
0.000000,19.000000,9.000000,0.000000,1.000000,0.000000,1.000000,0.000000,3811.683000
0.000000,18.000000,10.000000,1.000000,0.000000,0.000000,1.000000,1642.365000,0.000000
0.000000,18.000000,10.000000,1.000000,0.000000,0.000000,1.000000,0.000000,9602.439000
0.000000,17.000000,11.000000,1.000000,0.000000,0.000000,1.000000,3796.029000,0.000000
0.000000,18.000000,6.000000,0.000000,1.000000,0.000000,1.000000,6142.681000,3825.308000
0.000000,19.000000,11.000000,1.000000,0.000000,0.000000,1.000000,2445.589000,9772.283000
0.000000,18.000000,8.000000,0.000000,1.000000,0.000000,1.000000,0.000000,10798.560000
0.000000,18.000000,11.000000,1.000000,0.000000,0.000000,1.000000,0.000000,4657.273000
0.000000,17.000000,11.000000,1.000000,0.000000,0.000000,1.000000,0.000000,8551.533000
0.000000,19.000000,10.000000,1.000000,0.000000,0.000000,1.000000,0.000000,4309.878000
0.000000,19.000000,10.000000,1.000000,0.000000,0.000000,1.000000,0.000000,5286.396000
0.000000,18.000000,9.000000,1.000000,0.000000,0.000000,1.000000,0.000000,12486.170000
0.000000,18.000000,10.000000,1.000000,0.000000,0.000000,1.000000,2285.030000,3268.938000
0.000000,18.000000,11.000000,1.000000,0.000000,0.000000,1.000000,2292.171000,4994.227000
0.000000,18.000000,10.000000,1.000000,0.000000,0.000000,1.000000,273.552500,5514.365000
0.000000,18.000000,9.000000,0.000000,1.000000,0.000000,1.000000,2684.910000,2978.669000
0.000000,18.000000,9.000000,1.000000,0.000000,0.000000,1.000000,0.000000,10877.350000
0.000000,18.000000,12.000000,1.000000,0.000000,0.000000,0.000000,1405.512000,0.000000
0.000000,18.000000,9.000000,0.000000,1.000000,0.000000,1.000000,1646.510000,1065.672000
0.000000,19.000000,11.000000,1.000000,0.000000,0.000000,1.000000,393.859800,2481.518000
0.000000,18.000000,7.000000,0.000000,1.000000,1.000000,1.000000,2672.202000,6330.888000
0.000000,19.000000,11.000000,0.000000,0.000000,0.000000,1.000000,823.254400,2649.599000
0.000000,18.000000,8.000000,0.000000,1.000000,0.000000,1.000000,2483.852000,11135.530000
0.000000,17.000000,8.000000,1.000000,0.000000,0.000000,1.000000,1178.219000,14380.170000
0.000000,18.000000,10.000000,1.000000,0.000000,0.000000,1.000000,0.000000,202.284700
0.000000,17.000000,10.000000,1.000000,0.000000,0.000000,1.000000,1726.439000,11061.620000
0.000000,17.000000,10.000000,1.000000,0.000000,0.000000,1.000000,664.569000,0.000000
0.000000,20.000000,10.000000,1.000000,0.000000,0.000000,1.000000,690.192000,10864.880000
0.000000,18.000000,10.000000,1.000000,0.000000,0.000000,1.000000,1428.144000,11602.940000
0.000000,19.000000,11.000000,1.000000,0.000000,0.000000,1.000000,705.196400,0.000000
0.000000,17.000000,10.000000,1.000000,0.000000,0.000000,1.000000,0.000000,2657.705000
0.000000,18.000000,7.000000,1.000000,0.000000,0.000000,1.000000,0.000000,4132.577000
0.000000,18.000000,11.000000,1.000000,0.000000,0.000000,1.000000,0.000000,11303.140000
0.000000,20.000000,9.000000,1.000000,0.000000,0.000000,1.000000,2483.852000,0.000000
0.000000,19.000000,10.000000,0.000000,1.000000,0.000000,1.000000,0.000000,0.000000
0.000000,18.000000,9.000000,1.000000,0.000000,0.000000,1.000000,0.000000,0.000000
0.000000,17.000000,10.000000,1.000000,0.000000,0.000000,1.000000,0.000000,0.000000
0.000000,17.000000,11.000000,1.000000,0.000000,0.000000,1.000000,1156.797000,6365.031000
0.000000,17.000000,10.000000,1.000000,0.000000,0.000000,1.000000,0.000000,2189.426000
0.000000,18.000000,9.000000,1.000000,0.000000,0.000000,1.000000,490.465600,3480.847000
0.000000,19.000000,11.000000,1.000000,0.000000,0.000000,1.000000,0.000000,0.000000
0.000000,17.000000,8.000000,0.000000,0.000000,0.000000,1.000000,0.000000,10210.990000
0.000000,18.000000,10.000000,1.000000,0.000000,0.000000,1.000000,0.000000,11048.080000
0.000000,18.000000,9.000000,1.000000,0.000000,0.000000,1.000000,0.000000,0.000000
0.000000,17.000000,9.000000,1.000000,0.000000,0.000000,1.000000,2595.267000,0.000000
0.000000,17.000000,8.000000,1.000000,0.000000,0.000000,1.000000,0.000000,8993.865000
0.000000,17.000000,8.000000,1.000000,0.000000,0.000000,1.000000,2036.790000,0.000000
0.000000,19.000000,9.000000,0.000000,1.000000,0.000000,1.000000,2750.841000,15581.440000
0.000000,17.000000,9.000000,1.000000,0.000000,0.000000,1.000000,620.962700,18085.730000
0.000000,19.000000,10.000000,1.000000,0.000000,0.000000,1.000000,1428.144000,4687.937000
0.000000,19.000000,6.000000,0.000000,1.000000,0.000000,1.000000,0.000000,5071.801000
0.000000,20.000000,11.000000,1.000000,0.000000,0.000000,1.000000,1633.202000,1310.727000
0.000000,19.000000,10.000000,0.000000,0.000000,0.000000,1.000000,0.000000,3194.010000
0.000000,17.000000,11.000000,0.000000,0.000000,0.000000,1.000000,0.000000,0.000000
0.000000,18.000000,9.000000,0.000000,0.000000,0.000000,1.000000,559.596000,7300.498000
0.000000,20.000000,11.000000,1.000000,0.000000,0.000000,1.000000,7666.875000,7659.218000
0.000000,20.000000,10.000000,1.000000,0.000000,0.000000,1.000000,2856.287000,18347.260000
0.000000,20.000000,9.000000,1.000000,0.000000,0.000000,1.000000,0.000000,5193.089000
0.000000,19.000000,9.000000,1.000000,0.000000,0.000000,1.000000,2642.067000,2652.625000
0.000000,18.000000,10.000000,1.000000,0.000000,0.000000,1.000000,2456.994000,13674.750000
0.000000,19.000000,11.000000,1.000000,0.000000,0.000000,1.000000,4503.064000,0.000000
0.000000,17.000000,9.000000,1.000000,0.000000,0.000000,1.000000,0.000000,0.000000
0.000000,18.000000,9.000000,1.000000,0.000000,0.000000,1.000000,1413.863000,3475.520000
0.000000,17.000000,11.000000,1.000000,0.000000,0.000000,1.000000,165.207700,4251.127000
0.000000,17.000000,10.000000,1.000000,0.000000,0.000000,1.000000,0.000000,275.566100
0.000000,19.000000,10.000000,1.000000,0.000000,0.000000,1.000000,604.153900,0.000000
0.000000,17.000000,10.000000,0.000000,1.000000,0.000000,1.000000,1168.902000,11306.270000
0.000000,20.000000,9.000000,1.000000,0.000000,0.000000,1.000000,9691.033000,8562.603000
0.000000,17.000000,9.000000,1.000000,0.000000,0.000000,1.000000,0.000000,3590.702000
0.000000,19.000000,11.000000,1.000000,0.000000,0.000000,1.000000,0.000000,0.000000
0.000000,17.000000,10.000000,0.000000,0.000000,0.000000,1.000000,2465.613000,4211.662000
0.000000,19.000000,10.000000,1.000000,0.000000,1.000000,1.000000,0.000000,12797.670000
0.000000,20.000000,9.000000,1.000000,0.000000,0.000000,1.000000,0.000000,2035.914000
0.000000,18.000000,11.000000,1.000000,0.000000,0.000000,1.000000,1170.327000,604.228700
0.000000,18.000000,10.000000,0.000000,1.000000,1.000000,1.000000,1922.625000,4768.354000
0.000000,18.000000,9.000000,1.000000,0.000000,0.000000,1.000000,0.000000,2389.679000
0.000000,18.000000,11.000000,1.000000,0.000000,0.000000,1.000000,0.000000,0.000000
0.000000,20.000000,10.000000,1.000000,0.000000,0.000000,1.000000,2749.977000,6867.741000
0.000000,17.000000,10.000000,0.000000,1.000000,0.000000,1.000000,0.000000,8469.275000
0.000000,19.000000,11.000000,1.000000,0.000000,0.000000,1.000000,0.000000,0.000000
0.000000,19.000000,9.000000,1.000000,0.000000,0.000000,1.000000,1537.929000,4188.736000
0.000000,17.000000,10.000000,1.000000,0.000000,0.000000,1.000000,0.000000,1143.387000
0.000000,20.000000,11.000000,1.000000,0.000000,0.000000,1.000000,8012.085000,18155.830000
0.000000,17.000000,8.000000,1.000000,0.000000,0.000000,1.000000,768.810200,3020.948000
0.000000,18.000000,8.000000,0.000000,0.000000,0.000000,1.000000,1345.909000,1725.592000
0.000000,20.000000,10.000000,1.000000,0.000000,0.000000,1.000000,825.230100,0.000000
0.000000,17.000000,9.000000,0.000000,1.000000,0.000000,1.000000,0.000000,5114.814000
0.000000,17.000000,9.000000,1.000000,0.000000,0.000000,1.000000,1206.441000,0.000000
0.000000,19.000000,11.000000,1.000000,0.000000,0.000000,1.000000,0.000000,0.000000
0.000000,18.000000,10.000000,1.000000,0.000000,0.000000,1.000000,0.000000,781.224300